run_name,arm,model,scheme,seed,subset,head_only,card,epochs_run,stop_reason,best_opt_step,T,clamped,val_macro_f1,val_macro_f1_9,val_acc,val_ece_pre,val_ece_post,test_id_macro_f1,ood_country_macro_f1,ood_script_macro_f1,ood_brand_macro_f1,trap_candidates_acc,stripped_false_confident,order_invariance,train_seconds,run_seconds
fsq-c10-B2-laya-zs,B2,laya,c10,,,false,G4,,,,1.000016,,0.302514,0.311884,0.306667,0.123659,0.123655,0.312584,0.239284,0.233128,0.234534,0.191429,0.0,0.7104,,54.0
fsq-c10-B2-laya_ml-zs,B2,laya_ml,c10,,,false,G4,,,,1.0,,0.281328,0.295108,0.285,0.351276,0.351276,0.282281,0.248447,0.273237,0.207848,0.16,0.248,0.7586,,31.8
fsq-c10-E2-laya-s11,E2,laya,c10,11,,false,G4,4.0,epochs,3000,1.103691,false,0.565831,0.594034,0.586,0.090454,0.069657,0.560171,0.434935,0.317529,0.626111,0.387143,0.0,0.886,501.3,581.0
fsq-c10-E2-laya-s22,E2,laya,c10,22,,false,G4,4.0,epochs,3000,1.066165,false,0.570567,0.598721,0.589333,0.070302,0.050272,0.568842,0.423273,0.331962,0.581594,0.392857,0.0,0.9008,499.2,578.9
fsq-c10-E2-laya-s33,E2,laya,c10,33,,false,G4,3.29,early_stop,2000,1.027413,false,0.561734,0.585954,0.580667,0.055002,0.051144,0.562644,0.431756,0.323807,0.556606,0.365714,0.0,0.8964,414.2,493.9
fsq-c10-E3-laya_ml-s11,E3,laya_ml,c10,11,,false,G4,2.99,early_stop,1750,0.913389,false,0.587513,0.620298,0.604,0.039307,0.030989,0.584245,0.490092,0.510076,0.518014,0.368571,0.0,0.9296,206.9,264.0
fsq-c10-E3-laya_ml-s22,E3,laya_ml,c10,22,,false,G4,3.59,early_stop,2250,0.966106,false,0.58415,0.618627,0.607667,0.047602,0.054803,0.589746,0.491888,0.503292,0.572596,0.362857,0.0,0.9188,252.1,309.1
fsq-c10-E3-laya_ml-s33,E3,laya_ml,c10,33,,false,G4,3.89,early_stop,2500,0.989255,false,0.578051,0.610928,0.598,0.060348,0.061353,0.59154,0.500141,0.503963,0.562753,0.367143,0.0,0.9248,270.6,327.7
fsq-c10-E4-laya-s11-head,E4,laya,c10,11,,true,G4,2.09,early_stop,1000,0.877987,false,0.309887,0.319187,0.313333,0.035521,0.023806,0.317742,0.239491,0.23438,0.236927,0.197143,0.0,0.7062,115.9,195.6
fsq-c10-E6-laya-s11-n1000,E6,laya,c10,11,1000,false,G4,3.88,early_stop,99,1.10678,false,0.448424,0.469263,0.47,0.049123,0.028357,0.448097,0.344274,0.287658,0.423282,0.267143,0.0,0.7954,61.2,129.8
fsq-c10-E6-laya-s11-n10000,E6,laya,c10,11,10000,false,G4,4.0,epochs,1110,1.094047,false,0.527838,0.55727,0.55,0.068626,0.056588,0.524932,0.399777,0.327793,0.515447,0.367143,0.0,0.8784,226.8,299.4
fsq-c10-E6-laya-s11-n3000,E6,laya,c10,11,3000,false,G4,3.59,early_stop,264,1.075071,false,0.477884,0.499626,0.497,0.048839,0.042252,0.473612,0.371768,0.290737,0.48068,0.297143,0.0,0.8444,88.8,158.4
fsq-c7-E5-laya-s11,E5,laya,c7,11,,false,G4,3.89,early_stop,2500,1.014881,false,0.619105,,0.621,0.046267,0.042958,0.623512,0.470075,0.381543,0.622724,0.414286,0.0,0.8964,403.5,469.2
fsq-c7-E5-laya_ml-s11,E5,laya_ml,c7,11,,false,G4,2.69,early_stop,1500,0.952967,false,0.633241,,0.634333,0.04464,0.043316,0.634758,0.542699,0.582874,0.62344,0.42,0.0,0.927,162.7,212.3
